{
    "activeThemeId": "original",
    "themes": [
        {
            "id": "original",
            "messageR": 0.10199999809265137,
            "messageG": 0.10199999809265137,
            "messageB": 0.10199999809265137,
            "messageA": 1.0,
            "backgroundR": 1.0,
            "backgroundG": 1.0,
            "backgroundB": 1.0,
            "backgroundA": 1.0,
            "textR": 0.0,
            "textG": 0.0,
            "textB": 0.0,
            "textA": 1.0,
            "buttonBackgroundR": 1.0,
            "buttonBackgroundG": 1.0,
            "buttonBackgroundB": 1.0,
            "buttonBackgroundA": 1.0,
            "buttonPressedR": 0.7843000292778015,
            "buttonPressedG": 0.7843000292778015,
            "buttonPressedB": 0.7843000292778015,
            "buttonPressedA": 1.0,
            "placeholderR": 1.0,
            "placeholderG": 1.0,
            "placeholderB": 1.0,
            "placeholderA": 1.0,
            "navButtonR": 0.0,
            "navButtonG": 0.0,
            "navButtonB": 0.0,
            "navButtonA": 1.0
        },
        {
            "id": "green",
            "messageR": 0.10196000337600708,
            "messageG": 0.10196000337600708,
            "messageB": 0.10196000337600708,
            "messageA": 1.0,
            "backgroundR": 0.8666666746139526,
            "backgroundG": 1.0,
            "backgroundB": 0.8666666746139526,
            "backgroundA": 1.0,
            "textR": 0.0,
            "textG": 0.0,
            "textB": 0.0,
            "textA": 1.0,
            "buttonBackgroundR": 0.8352941274642944,
            "buttonBackgroundG": 1.0,
            "buttonBackgroundB": 0.8352941274642944,
            "buttonBackgroundA": 1.0,
            "buttonPressedR": 0.47839999198913576,
            "buttonPressedG": 0.7567999958992004,
            "buttonPressedB": 0.6000000238418579,
            "buttonPressedA": 1.0,
            "placeholderR": 0.8352941274642944,
            "placeholderG": 1.0,
            "placeholderB": 0.8352941274642944,
            "placeholderA": 1.0,
            "navButtonR": 0.0,
            "navButtonG": 0.0,
            "navButtonB": 0.0,
            "navButtonA": 1.0
        },
        {
            "id": "blue",
            "messageR": 0.10196000337600708,
            "messageG": 0.10196000337600708,
            "messageB": 0.10196000337600708,
            "messageA": 1.0,
            "backgroundR": 0.8549019694328308,
            "backgroundG": 0.9764705896377564,
            "backgroundB": 0.9764705896377564,
            "backgroundA": 1.0,
            "textR": 0.0,
            "textG": 0.0,
            "textB": 0.0,
            "textA": 1.0,
            "buttonBackgroundR": 0.8078431487083435,
            "buttonBackgroundG": 0.9764705896377564,
            "buttonBackgroundB": 0.9764705896377564,
            "buttonBackgroundA": 1.0,
            "buttonPressedR": 0.615686297416687,
            "buttonPressedG": 0.8039215803146362,
            "buttonPressedB": 0.8039215803146362,
            "buttonPressedA": 1.0,
            "placeholderR": 0.7843000292778015,
            "placeholderG": 0.9490000009536743,
            "placeholderB": 0.9490000009536743,
            "placeholderA": 1.0,
            "navButtonR": 0.0,
            "navButtonG": 0.0,
            "navButtonB": 0.0,
            "navButtonA": 1.0
        },
        {
            "id": "dark",
            "messageR": 0.05882352963089943,
            "messageG": 0.05882352963089943,
            "messageB": 0.05882352963089943,
            "messageA": 1.0,
            "backgroundR": 0.2980000078678131,
            "backgroundG": 0.2980000078678131,
            "backgroundB": 0.2980000078678131,
            "backgroundA": 1.0,
            "textR": 1.0,
            "textG": 1.0,
            "textB": 1.0,
            "textA": 1.0,
            "buttonBackgroundR": 0.4000000059604645,
            "buttonBackgroundG": 0.4000000059604645,
            "buttonBackgroundB": 0.4000000059604645,
            "buttonBackgroundA": 1.0,
            "buttonPressedR": 0.5,
            "buttonPressedG": 0.5,
            "buttonPressedB": 0.5,
            "buttonPressedA": 1.0,
            "placeholderR": 0.5019599795341492,
            "placeholderG": 0.5019599795341492,
            "placeholderB": 0.5019599795341492,
            "placeholderA": 1.0,
            "navButtonR": 1.0,
            "navButtonG": 1.0,
            "navButtonB": 1.0,
            "navButtonA": 1.0
        }
    ]
}